{
  "mean": [
    3.8706710029069766,
    28.639486434108527,
    5.428999742190376,
    1.096675149606208,
    1425.4767441860465,
    3.0706551594363742,
    35.63186143410852,
    -119.56970445736432
  ],
  "std": [
    1.8997757045748738,
    12.585252735724607,
    2.474113212333516,
    0.4738993862577448,
    1132.4346877676146,
    10.385797969128218,
    2.135900663797483,
    2.003483197746976
  ],
  "features": [
    "MedInc",
    "HouseAge",
    "AveRooms",
    "AveBedrms",
    "Population",
    "AveOccup",
    "Latitude",
    "Longitude"
  ],
  "n_samples": 20640
}