{
  "mean": [
    2.2846753061841694e-06,
    0.014416225145587738,
    -0.010527992304618334,
    -0.004993083750724822,
    -0.0010019266642512768
  ],
  "std": [
    1.0148176665371684,
    0.9970329222566302,
    1.005168947546444,
    0.9942152208585674,
    0.989190130260344
  ],
  "features": [
    "feature_0",
    "feature_1",
    "feature_2",
    "feature_3",
    "feature_4"
  ],
  "n_samples": 10000
}